Date,Close,High,Low,Open,Volume,MA_20,MA_50,MA_100,Trend,Momentum,Returns,Volatility,Signal
2024-09-17,430.1188659667969,436.741413807479,427.2721591954558,435.1401487897844,18874200,412.42284393310547,417.85719970703127,420.18834808349607,False,20.707763671875,0.008832965946236726,0.011535375342060209,0
2024-09-18,425.8290100097656,430.9886580324637,425.43364080776206,429.9705680090547,18898000,412.7198684692383,417.3055859375,420.516559753418,False,7.680145263671875,-0.009973652160987556,0.0117215079699173,0
2024-09-19,433.617919921875,436.3954286172224,431.8486072464737,436.12856118496126,21706600,413.43895721435547,416.7773406982422,420.85096069335935,False,11.554840087890625,0.018291167884336268,0.012338350577240925,0
2024-09-20,430.2374572753906,434.1615578880838,429.1996092968504,432.1649237095232,55167100,414.41355895996094,416.4094061279297,421.1916421508789,False,4.625885009765625,-0.007795947748408194,0.011451155279056578,0
2024-09-23,428.4978332519531,431.41370770372646,425.4139110417271,429.2589197702658,15128900,415.2398941040039,416.0293719482422,421.64217468261717,False,2.144927978515625,-0.004043404389878602,0.011539221301112878,0
2024-09-24,424.2080078125,428.33967197864655,421.1734954974966,427.9937125983331,17015800,416.01483154296875,415.5554510498047,421.99455657958987,False,-5.910858154296875,-0.010011311858678096,0.011643256198366396,1
2024-09-25,427.114013671875,428.1123459008627,423.6149641825675,424.8603757953974,13396400,416.9177719116211,415.2272650146484,422.3474368286133,False,1.285003662109375,0.006850426691283662,0.011691231693560764,1
2024-09-26,426.3232116699219,430.2670698250282,424.168423966839,430.0595062812688,14492000,417.94129638671876,415.0016619873047,422.60554260253906,False,-7.294708251953125,-0.0018515009497221957,0.011495389742870387,1
2024-09-27,423.0713195800781,426.8570548863857,422.52769062045775,426.5308533788208,14896100,418.6776840209961,414.77318115234374,422.7633688354492,False,-7.1661376953125,-0.007627762225533075,0.011678412472644374,1
2024-09-30,425.324951171875,425.4435890958682,420.451958019216,423.2591189255808,16807300,419.328076171875,414.6541033935547,422.98509674072267,False,-3.172882080078125,0.005326836132578672,0.011562698839547112,1
2024-10-01,415.8260498046875,423.525991477608,413.9677812470877,423.49633953955015,19092900,419.88407440185546,414.23000244140627,423.10001708984373,False,-8.3819580078125,-0.02233328033310933,0.011942940108587085,1
2024-10-02,412.3072204589844,417.9314360837514,411.8920631533064,417.6941904099043,16582300,420.2908187866211,413.69783386230466,423.1622183227539,False,-14.806793212890625,-0.008462262879768812,0.012134562819814473,1
2024-10-03,411.7240295410156,414.699207817815,409.50004373541833,412.8014234892919,13686400,420.69360809326173,413.4687469482422,423.1947543334961,False,-14.59918212890625,-0.0014144572033435443,0.01213629883448583,1
2024-10-04,411.24957275390625,414.8969119270876,410.172178794162,413.4043606733947,19169700,421.40330657958987,413.43736938476565,423.2325912475586,False,-11.821746826171875,-0.0011523660342057651,0.011442422662848995,1
2024-10-07,404.8049621582031,412.287415913181,404.2711971193028,411.190264062665,20919800,421.5920974731445,413.14153259277344,423.1780108642578,False,-20.519989013671875,-0.01567080192338488,0.011906580510113134,1
2024-10-08,409.9151611328125,410.8541894054543,403.45079759655545,406.1492143378804,19229300,421.61730041503904,412.91908874511716,423.102802734375,False,-5.910888671875,0.012623854577682447,0.011289299752717774,1
2024-10-09,412.63336181640625,415.5196143481407,409.5098937927917,411.0518548194861,14974300,421.3415252685547,412.8261926269531,423.07539733886716,False,0.326141357421875,0.006631129905227073,0.010266877793804802,1
2024-10-10,411.0321350097656,412.5246863355552,408.37323385448985,410.4292021904471,13848400,420.78997802734375,412.7914532470703,423.0396759033203,False,-0.69189453125,-0.0038805073821274183,0.010013638546823597,1
2024-10-11,411.5065612792969,412.3071937353824,408.4720490414364,411.3286496589972,14144900,420.08472747802733,412.79067138671877,422.9580825805664,False,0.256988525390625,0.001154231577343623,0.009772942750513288,1
2024-10-14,414.2939453125,419.1372858012014,412.6926503077809,412.9397598241915,16653100,419.48177947998045,413.0157373046875,422.8678564453125,False,9.488983154296875,0.006773607751326516,0.009928073765377382,1
2024-10-15,413.8985595703125,417.5953385694475,410.45881429415135,417.2987890411578,18900200,418.67076416015624,413.49613708496094,422.75907440185546,False,3.9833984375,-0.0009543604164653496,0.009634704342463139,1
2024-10-16,411.3088684082031,411.5460839058675,405.7340930599272,410.36987028679,15508900,417.94475708007815,413.83673217773435,422.65912567138673,False,-1.324493408203125,-0.00625682574203168,0.009505267474487142,1
2024-10-17,411.9019775390625,417.615149262022,410.7850375205949,417.4767534317117,14820000,416.8589599609375,414.21247436523436,422.5339294433594,False,0.869842529296875,0.0014420042367546682,0.008313001214823913,1
2024-10-18,413.3253173828125,414.7980806340248,411.44729085370335,412.3171212877513,17145300,416.0133529663086,414.5326196289063,422.42138824462893,False,1.818756103515625,0.003455530493574832,0.008318779229474561,1
2024-10-21,413.9381103515625,414.1160219717621,408.9662678666254,411.30886136013186,14206100,415.2853668212891,414.7993103027344,422.3263217163086,False,-0.3558349609375,0.0014825923866221835,0.008338038706869754,1
2024-10-22,422.5672302246094,425.6017126142665,413.20671913798,413.65149823512496,25482200,415.20332794189454,415.2229943847656,422.46061157226563,False,8.668670654296875,0.02084640108570346,0.009492939875410882,0
2024-10-23,419.6907958984375,426.0958550629279,417.6447219254542,425.8783974885326,19654400,414.83216705322263,415.44707092285154,422.5615985107422,False,8.381927490234375,-0.006807045412970059,0.0094539389731818,0
2024-10-24,419.8193054199219,421.054852987084,417.51622786247975,420.4123441203712,13581600,414.50697174072263,415.6174774169922,422.6797561645508,False,7.917327880859375,0.00030620047601770395,0.009454024936716716,0
2024-10-25,423.1997985839844,427.51926858228103,421.638079540004,421.82588520642906,16899100,414.51339569091795,415.7582312011719,422.8065591430664,False,9.874481201171875,0.008052257531799834,0.009501576687907324,0
2024-10-28,421.6578063964844,426.94595627618617,421.37115090072086,426.6691948141605,14882400,414.3300384521484,415.9187536621094,422.8396008300781,False,7.719696044921875,-0.003643650570391288,0.009451370798927912,0
2024-10-29,426.9558715820313,428.16176733338216,420.8769528188613,423.05152881793293,17644100,414.88652954101565,416.1247448730469,422.9205917358398,False,4.388641357421932,0.012564845486496612,0.008343586691672093,0
2024-10-30,427.5291748046875,433.43015208412135,427.10415361686785,432.38241000195467,29749100,415.64762725830076,416.2775579833984,423.0139260864258,False,7.83837890625,0.001342769266837518,0.00801812860294861,0
2024-10-31,401.65185546875,411.3484314804884,401.6024154615227,410.55766284750285,53971000,415.1440185546875,415.9258721923828,422.80882354736326,False,-18.167449951171875,-0.060527610420409994,0.01610245230163973,0
2024-11-01,405.6253662109375,410.69605883957496,402.7885534948901,404.2811047814158,24230400,414.86280822753906,415.82347106933594,422.5959979248047,False,-17.574432373046875,0.009892922659476389,0.016289280657203697,0
2024-11-04,403.7374267578125,405.67478719502446,400.88085627166146,405.06193022116906,19672300,414.8094314575195,415.65879699707034,422.2816104125977,False,-17.920379638671875,-0.004654391984310058,0.015933747574325387,0
2024-11-05,406.7027282714844,410.1029577159873,403.36180269923256,403.64845819160416,17626000,414.6488098144531,415.61866638183596,421.99174530029296,False,-20.253143310546932,0.007344628754100357,0.015756214980869574,0
2024-11-06,415.3219604492187,415.5888580717451,405.7736437068039,407.65170044035887,26681800,414.7832397460937,415.74400146484373,421.77830474853516,False,-12.207214355468807,0.02119295391591458,0.016414675271106537,0
2024-11-07,420.5112609863281,421.9148565188348,415.02544097960697,416.4092484424542,19901800,415.2571960449219,416.03717224121095,421.55953094482425,False,18.859405517578125,0.01249464519404797,0.01659437981877761,0
2024-11-08,417.6546630859375,421.568869701991,416.9034404414896,420.40251992805025,16891400,415.5646011352539,416.22339416503905,421.33222045898435,False,12.029296875,-0.006793154346664498,0.016692291363418446,0
2024-11-11,413.1770935058594,419.89846171842794,411.19032291788955,417.6349296196992,24503300,415.5087585449219,416.2405938720703,421.0664486694336,False,9.439666748046875,-0.010720746051282148,0.016824917909444317,0
2024-11-12,418.1389770507813,419.5326784209289,412.37639607879026,413.41424403977334,19401200,415.7207794189453,416.5092517089844,420.81003997802736,False,11.436248779296932,0.01200909639694614,0.017034495473970054,0
2024-11-13,420.2839050292969,424.366129168666,413.3747019871383,416.7650676989441,21502200,416.16953125,416.83148315429685,420.59589935302733,False,4.961944580078182,0.005129701119097163,0.01698166324462269,0
2024-11-14,421.9544067382813,423.21960645486104,415.144052914958,420.0862440210885,30246900,416.6721527099609,417.19720642089845,420.366100769043,False,1.4431457519531818,0.003974698267039223,0.01699284164171048,0
2024-11-15,410.2017822265625,417.9115867904691,408.8575209855674,414.9660607681038,28247600,416.51597595214844,417.4601300048828,420.0068377685547,False,-7.452880859375,-0.027852830362803616,0.018188426731316938,0
2024-11-18,410.9530944824219,413.5625557641184,407.3354068851738,410.07336996510656,24727000,416.3667251586914,417.6586090087891,419.64828002929687,False,-2.2239990234375,0.0018315675075355475,0.018190311613119462,0
2024-11-19,412.9595642089844,413.1078238917421,406.79168992363145,408.3336509537854,18133500,415.88634185791017,417.7295782470703,419.3679995727539,False,-5.179412841796932,0.004882478690395375,0.017557383840529447,0
2024-11-20,410.6861572265625,412.46536399512735,405.8329222910528,412.05020669970736,19191700,415.4361099243164,417.5803240966797,418.9684896850586,False,-9.597747802734375,-0.0055051563868645514,0.017537118850106066,0
2024-11-21,408.9132995605469,415.7570819396626,406.3580380143849,415.4797664987992,20780200,414.8908096313477,417.31732849121096,418.5260913085938,False,-13.041107177734432,-0.004316818657799537,0.01755037490922595,0
2024-11-22,413.0037841796875,413.3999448341163,407.1207062748017,407.4277330488681,24814600,414.3810089111328,417.0651727294922,418.1098974609375,False,2.802001953125,0.010003305403704532,0.01760962768882639,0
2024-11-25,414.7765808105469,417.0446130867062,410.8743369468268,414.3705063731925,27691100,414.0369476318359,416.8336462402344,417.6444366455078,False,3.823486328125,0.004292446458766808,0.017637914818944465,0
2024-11-26,423.888427734375,424.92838338966095,414.8360349421382,415.5689336176803,23458900,413.8835754394531,416.70903747558594,417.2831185913086,False,10.928863525390625,0.021968084374537122,0.018127819857529075,0
2024-11-27,418.9363098144531,423.1356967701012,417.9756044992003,421.03598817971914,18332400,413.4539321899414,416.57118347167966,416.93838470458985,False,8.250152587890625,-0.011682597579722231,0.01830259004081392,0
2024-11-29,419.4018249511719,420.808229889217,413.7960631011275,416.06412568619913,16271900,414.3414306640625,416.28686157226565,416.5321011352539,False,10.488525390625,0.0011111835518027302,0.011737030783057585,0
2024-12-02,426.8497619628906,428.8503926364112,417.27242003383,417.5299380247713,20207200,415.4026504516602,416.21910766601565,416.31425689697267,False,13.845977783203125,0.017758475449137334,0.012132423227558089,0
2024-12-03,427.0676879882813,428.3255063010946,423.64082448545395,425.7207055754366,18302000,416.5691635131836,416.1905047607422,416.1099383544922,True,12.291107177734432,0.0005105450320237459,0.012023841376613153,1
2024-12-04,433.2280578613281,435.4564952904926,428.483953715763,428.8801143248133,26009400,417.89542999267576,416.37090576171875,415.9631784057617,True,9.339630126953125,0.01442480910242927,0.012263988172071439,1
2024-12-05,438.378173828125,440.3986320775989,431.99000513841474,433.72323412188194,21697800,419.0482406616211,416.59618896484375,415.9117269897461,True,19.441864013671875,0.011887771055782759,0.011710920531174961,1
2024-12-06,439.319091796875,441.8248445475462,437.5363238090719,438.06124339003895,18821000,419.98863220214844,416.8561065673828,415.92888427734374,True,19.917266845703125,0.0021463613494565603,0.011485095952513121,1
2024-12-09,441.7456359863281,444.03349609525384,436.2785468030062,438.3584278725163,19144400,421.193180847168,417.22959289550784,416.00138702392576,True,14.8958740234375,0.005523420754441233,0.011303283068251473,1
2024-12-10,439.0813903808594,445.3111194338514,437.3679889585384,440.13125981361975,18469500,422.48839569091797,417.5047216796875,416.0794125366211,True,12.013702392578068,-0.006031175836112235,0.011052397345982913,1
2024-12-11,444.6871948242187,446.0341772846715,439.7945337941877,439.7945337941877,19200200,423.81580657958983,418.08194458007813,416.1559735107422,True,11.459136962890568,0.012767119186027909,0.011085794050156965,1
2024-12-12,445.2516784667969,451.78843398650577,444.8059789125675,444.8059789125675,20834800,425.06419525146487,418.7408337402344,416.21933380126956,True,6.873504638671875,0.0012693948671071986,0.011082955021583579,1
2024-12-13,442.9836120605469,447.1037486529664,441.3098056253416,444.1424127561179,20177800,426.11565551757815,419.366025390625,416.4173861694336,True,3.664520263671875,-0.005093897487506327,0.01122336561250085,1
2024-12-16,447.26226806640625,447.8466102847365,441.0127411892908,442.9836607244317,23598800,427.9686798095703,420.086279296875,416.76182434082034,True,5.516632080078125,0.009658723007736292,0.008745849384445462,1
2024-12-17,450.104736328125,450.9267990627913,445.2616146909001,446.6878170659997,22733500,429.92626190185547,420.9922747802734,417.06690368652346,True,11.023345947265625,0.006355260581240696,0.008735226462037522,1
2024-12-18,433.1983642578125,448.31210217470453,432.83188469873346,446.994861295181,24444500,430.9382019042969,421.45793884277344,417.18851379394533,True,-11.488830566406193,-0.037560973493040106,0.012849076902676407,1
2024-12-19,432.8417663574219,438.93282241461935,432.1385790330434,437.3877749335288,22963700,432.04598236083984,421.86210693359374,417.3441497802734,True,-12.409912109375,-0.0008231746234812487,0.012738218918979716,1
2024-12-20,432.4158935546875,439.48745236080407,424.5222720446017,428.95931906801104,64263700,433.2211120605469,422.2897821044922,417.5406176757813,True,-10.567718505859375,-0.0009838995120972083,0.01266305458459617,1
2024-12-23,431.078857421875,433.4558513948008,428.6820357713906,432.5545685943141,19152500,434.12486572265624,422.68122802734376,417.73594970703124,True,-16.18341064453125,-0.003092014314787006,0.012613538624937429,1
2024-12-24,435.1197204589844,435.3871522905164,430.02899474815183,430.484577930417,7164500,435.14202270507815,423.0977435302734,418.05674041748046,True,-14.985015869140625,0.00937383721687568,0.012708294273591427,1
2024-12-26,433.9114379882813,436.71433412405435,432.4456406431818,434.8721433787049,8194200,435.64317321777344,423.4980010986328,418.4970690917969,True,0.7130737304688068,-0.002776896596248357,0.011888669872897058,1
2024-12-27,426.404052734375,431.0491089535002,422.2641186475361,430.43505550450976,18117700,436.01656036376954,423.79990478515623,418.8183184814453,True,-6.437713623046875,-0.017301653279093943,0.012270326222463513,1
2024-12-30,420.7586669921875,423.45260132830686,417.8567536350218,421.97689027997586,13158700,436.0844024658203,423.97703857421874,419.0947564697266,True,-11.6572265625,-0.01323952177749177,0.012673747090862018,1
2024-12-31,417.4606018066406,422.6404915665645,416.6286554798762,422.016524265212,13246500,435.6149444580078,424.0597442626953,419.29618194580075,True,-13.618255615234375,-0.007838377303367894,0.012090418849977469,1
2025-01-02,414.5685729980469,421.98681399014663,410.87433837182135,421.4519805555425,16896500,434.98998870849607,424.072353515625,419.4358319091797,True,-20.5511474609375,-0.00692766885324736,0.012154406453664076,1
2025-01-03,419.2928771972656,419.96635323692743,415.519392337396,417.0446121521978,16662900,434.293229675293,424.0068664550781,419.61493041992185,True,-14.618560791015682,0.011395712330661834,0.011964046352553557,1
2025-01-06,423.749755859375,430.1577525838614,421.4024733118246,423.8983123069827,20573600,433.56180877685546,424.0880456542969,419.7675582885742,True,-2.654296875,0.010629511981937512,0.011892679438478104,1
2025-01-07,418.322265625,426.5229140819689,416.7673042676413,424.8887326935554,18139100,432.51196746826173,424.05810485839845,419.8377911376953,True,-2.4364013671875,-0.012808243920678919,0.012111034086831153,1
2025-01-08,420.4913024902344,422.87821031177674,417.5002550030301,419.4018380991605,15054600,431.44925079345705,424.0039349365234,419.88108306884766,True,3.03070068359375,0.005185085861957983,0.012099651490996875,1
2025-01-10,414.93505859375,420.63983782074297,411.042698272716,420.5606177895155,20201100,430.24193420410154,423.8694799804687,419.89411682128906,True,0.366485595703125,-0.013213695178899476,0.012317966693995134,1
2025-01-13,413.1919250488281,414.48936844362913,408.3388895039501,411.2606004893305,17604800,428.667170715332,423.59420104980467,419.8594729614258,True,-6.1009521484375,-0.0042009791865490476,0.011764798632446198,1
2025-01-14,411.6865234375,415.71749643981025,406.78394867710017,413.805999460752,16935900,426.98891296386716,423.27734802246096,419.7774530029297,True,-12.063232421875,-0.0036433471228902725,0.011708940757217654,1
2025-01-15,422.2245178222656,424.04688082339095,414.2615595275802,415.11333355996726,19637800,425.9509582519531,423.68880126953127,419.80733673095705,True,3.902252197265625,0.02559713224706872,0.013422463662648916,1
2025-01-16,420.5110473632813,425.3739962723433,420.3228960250528,424.59158895645874,15300000,424.6133972167969,423.9865148925781,419.90499298095705,True,0.019744873046931843,-0.004058197443914446,0.013125839177828212,1
2025-01-17,424.91845703125,430.31623990051855,424.06671321451194,429.9299628963343,26197500,423.3540832519531,424.4101354980469,420.0344662475586,True,9.9833984375,0.010481079380920688,0.013311658714094747,0
2025-01-21,424.3935546875,426.770548715405,421.52135231106814,426.07727516253885,26085700,422.9138427734375,424.7639520263672,420.1913092041016,True,11.201629638671875,-0.0012353013503280108,0.01049873799344869,0
2025-01-22,441.9239196777344,442.98364251820686,431.82165779523024,433.366705345479,27803800,423.3679504394531,425.2959912109375,420.51999633789063,True,30.237396240234375,0.04130685962736358,0.014129384124277904,0
2025-01-23,442.4290466308594,442.4686717628812,437.2689839581691,437.7641923205226,18389300,423.86860809326174,425.7343469238281,420.88575958251954,True,20.20452880859375,0.001143017905646193,0.014120618214636794,0
2025-01-24,439.8044128417969,442.3695883246394,437.169900939795,440.8938771960258,15549500,424.3048858642578,426.17734191894533,421.2003680419922,True,19.293365478515568,-0.0059323270229415526,0.014180622721234088,0
2025-01-27,430.3954772949219,431.02935848885954,419.4414710475572,419.94659323490635,35647800,424.0686737060547,426.5217095947266,421.38115173339844,True,5.477020263671875,-0.021393454163133874,0.014886733966202057,0
2025-01-28,442.9143371582031,444.0830215490328,427.2459385298944,430.4350813460535,23491700,424.5188186645508,427.017216796875,421.7632342529297,True,18.520782470703125,0.029086875963389547,0.016264899327047718,0
2025-01-29,438.0910034179687,442.5974175154718,436.17950645057016,442.40923592540474,23581400,425.1031661987305,427.37335876464846,422.1024209594727,True,-3.832916259765682,-0.010889992342947297,0.015942022664173466,0
2025-01-30,411.0130004882813,418.8075747745586,409.20055129765046,414.7567742579651,54586300,424.61588287353516,427.15453063964844,422.1758685302734,True,-31.416046142578068,-0.06180908240166061,0.02114977952299219,0
2025-01-31,411.0823364257813,416.6583870568431,410.933779971825,414.964783031506,34161900,424.2969696044922,427.1721417236328,422.31613586425783,True,-28.722076416015568,0.00016869524179918827,0.021088343976387505,0
2025-02-03,406.9820251464844,411.42898625512174,404.7436738342851,407.6555012178145,25679100,423.9176422119141,427.09272033691406,422.37566467285154,True,-23.4134521484375,-0.009974428273780145,0.02114771579554761,0
2025-02-04,408.4181213378906,409.9532853263689,405.81332063447735,408.73506192939664,20532100,423.3739044189453,427.0018914794922,422.36573486328126,True,-34.4962158203125,0.0035286477108893433,0.020983254709136204,0
2025-02-05,409.3293151855469,409.8641184268012,406.4669964929513,408.39832109505767,16316700,422.6528823852539,426.97475463867187,422.2775393676758,True,-28.761688232421818,0.0022310318765272896,0.020819529280034003,0
2025-02-06,411.8350524902344,414.19224891795665,410.0324869601977,410.0324869601977,16309800,422.3285217285156,427.03318969726564,422.1752590942383,True,0.8220520019530682,0.006121568164624724,0.020709409736837027,0
2025-02-07,405.8232116699219,414.6379135781927,404.1890302854019,412.48872643025265,22886800,421.5951171875,426.8895782470703,421.97737548828127,False,-5.259124755859432,-0.014597690954086695,0.0208914501996406,0
2025-02-10,408.2695617675781,411.47850211303046,406.9820321839411,409.74527293691693,20817900,421.26184234619143,426.75943786621093,421.79654205322265,False,1.28753662109375,0.006028117730352944,0.02076943671253679,0
2025-02-11,407.49700927734375,408.53693461973535,405.37750324031913,405.71427148321067,18140600,420.9770965576172,426.4316094970703,421.5703234863281,False,-0.921112060546875,-0.001892260806535928,0.020754792151976613,0
2025-02-12,405.1200256347656,406.813629604169,400.4947666868975,403.30754628100544,19121700,420.64877166748045,426.15528381347656,421.3632336425781,False,-4.20928955078125,-0.005833131503942712,0.020778084236012323,0
2025-02-13,406.6056518554687,407.0612350423618,402.4656873698371,403.0995685212682,23891700,419.8678283691406,425.8993603515625,421.0931109619141,False,-5.229400634765682,0.0036671261026293145,0.019882402276763855,0
2025-02-14,404.515869140625,404.99128001840967,401.99031874797896,403.8820181953633,22758500,419.0680694580078,425.4526824951172,420.8358950805664,False,-1.307342529296875,-0.005139581078884126,0.01989064253920201,0
2025-02-18,405.7142639160156,406.6650553734785,402.6043413346739,404.0899662104477,21423100,418.1078598022461,425.0256140136719,420.60805938720705,False,-2.5552978515625,0.0029625408217892613,0.019717674836468684,0
2025-02-19,410.7951049804687,411.5082061808428,403.7433432351679,403.97114994678657,24114200,417.42793731689454,424.5769549560547,420.4739303588867,False,3.298095703124943,0.012523200479598762,0.019988412077252566,0
2025-02-20,412.9684753417969,416.1243081620841,409.4057538443196,412.1348608394034,23508700,415.9801651000977,424.06876098632813,420.3324749755859,False,7.84844970703125,0.00529064327928519,0.017388328964714563,0
2025-02-21,405.108642578125,414.8738801834256,404.79109677447474,414.16928284227896,27524800,414.11414489746096,423.3845520019531,420.12032928466795,False,-1.4970092773436932,-0.019032524836591014,0.01770332510082108,0
2025-02-24,400.9306335449219,406.2598304371672,396.2861968407472,405.4063787741937,26443700,412.1704559326172,422.568251953125,419.8989224243164,False,-3.585235595703125,-0.010313305109005189,0.017752346621486684,0
2025-02-25,394.876953125,398.8664306026397,393.6860882830661,398.0526532749328,29387400,410.39452972412107,421.6841632080078,419.59444244384764,False,-10.837310791015625,-0.015099071793035268,0.017490267356766877,0
2025-02-26,396.6930847167969,400.5336777638086,391.25470780563023,394.9861511086002,19619000,408.0834671020508,420.7242810058594,419.4031127929687,False,-14.102020263671818,0.0045992342106173645,0.015818416283221042,0
2025-02-27,389.5477600097656,402.657388820498,389.1905096396701,398.22134834414993,21127400,405.65630493164065,419.6102026367187,419.1755181884766,False,-23.42071533203125,-0.018012224014775424,0.016027935912685833,0
2025-02-28,393.9739074707031,394.60905968634097,383.63308910279267,389.6768174403877,32845700,404.8043502807617,418.63000854492185,418.9980169677734,False,-11.134735107421875,0.011362271627044063,0.009625765017624065,0
2025-03-03,385.5384521484375,395.7899873220531,383.2261675615013,395.7899873220531,23007700,403.5271560668945,417.3955322265625,418.74090576171875,False,-15.392181396484375,-0.021411203032253856,0.010528691193600033,0
2025-03-04,385.6575012207031,389.5973401551927,378.1053331199409,380.4870929407179,29342900,402.46092987060547,416.10658752441407,418.54943115234374,False,-9.219451904296875,0.0003087865078106322,0.01042847157874748,0
2025-03-05,397.9732666015625,398.61835249883035,385.85603973587394,386.3820118850688,23433100,401.9386871337891,415.40208557128904,418.43001220703127,False,1.280181884765625,0.03193446346013462,0.012943281794795725,0
2025-03-06,393.8746948242187,399.09471206990673,389.69665794124984,391.284508208275,23304600,401.1659561157227,414.622744140625,418.2424255371094,False,4.326934814453068,-0.010298610789470808,0.013070309994598836,0
2025-03-07,390.32183837890625,391.8005084637195,382.61088158953936,389.33936956128906,22034100,400.0902954101563,413.7808630371094,418.03532257080076,False,-3.652069091796875,-0.009020270893254634,0.013023228428782419,0
2025-03-10,377.2717590332031,383.4643412864511,374.3540930979484,382.90859827837613,32840100,398.6627227783203,412.70472106933596,417.69297454833986,False,-8.266693115234375,-0.033434151160752434,0.014530538997709157,0
2025-03-11,377.5595397949219,383.0673615053873,374.0464264969691,376.1205440687611,30380200,397.1272216796875,411.5535174560547,417.32563049316406,False,-8.09796142578125,0.0007627943381085522,0.014395116951665286,0
2025-03-12,380.3581237792969,382.2933209136247,376.0709676751301,380.0405779726452,24253600,395.77027740478513,410.482451171875,416.9902261352539,False,-17.615142822265625,0.0074122984308517825,0.014608912050075126,0
2025-03-13,375.8922729492187,382.3925273041687,374.58232470495466,380.24893433302753,20473000,394.3088897705078,409.4722155761719,416.63606018066406,False,-17.982421875,-0.011741173780396186,0.01472130926706365,0
2025-03-14,385.6079406738281,387.2652662935844,376.6267095180303,376.8946473094157,19952800,393.25900421142575,408.7692010498047,416.37311981201174,False,-4.713897705078125,0.025846947180853563,0.01607358376983871,0
2025-03-17,385.7469177246094,389.7264317109631,382.6406926201841,383.7621124474789,22474300,392.32055664062494,408.1349273681641,416.0973358154297,False,8.47515869140625,0.00036041024087407614,0.01607354525890837,0
2025-03-18,380.606201171875,384.42695690697013,378.20460404859546,384.1292482671326,19486900,391.06515350341795,407.45567993164065,415.76401672363284,False,3.046661376953125,-0.013326656200022824,0.016207657123409734,0
2025-03-19,384.8735656738281,386.719419886704,381.0825806498319,382.60095534567967,19185500,389.76907653808587,406.76729370117187,415.387080078125,False,4.51544189453125,0.011212020426398794,0.016143813793840535,0
2025-03-20,383.9010314941406,388.81343664918575,380.3680805381929,382.80938253905,18470500,388.31570434570307,405.9703192138672,415.02918243408203,False,8.008758544921932,-0.0025268926380662693,0.016023392594245324,0
2025-03-21,388.2874450683594,388.76377892625936,379.8916973941909,380.3085198055768,39675900,387.4746444702148,405.3696228027344,414.7138638305664,False,2.67950439453125,0.011425896818111791,0.01591860889359567,0
2025-03-24,390.0935668945313,392.39594799568545,386.8484215764684,392.39594799568545,21004500,386.9327911376953,404.7616680908203,414.3828015136719,False,4.346649169921932,0.0046515071478914205,0.01585877160364657,0
2025-03-25,392.1578063964844,393.34867131877104,389.65696280253144,390.9272368910712,15775000,386.79683380126954,404.306123046875,414.0878015136719,False,11.551605224609375,0.0052916522525252585,0.015574450130975729,0
2025-03-26,387.0072326660156,392.3066587723948,385.61787512073846,391.99901639757354,16108400,386.31254119873046,403.78242919921877,413.68831512451175,False,2.1336669921875,-0.013133931408371269,0.01578835010707284,0
2025-03-27,387.612548828125,389.2599405856522,384.4567161979595,387.1659858818112,13766800,386.2157806396484,403.30094970703124,413.2891488647461,False,3.711517333984375,0.0015640952184263757,0.015284561085519774,0
2025-03-28,375.922119140625,386.17365567788414,374.0663309941376,385.1316147033396,21632000,385.31319122314454,402.3749017333984,413.03185150146487,False,-12.365325927734375,-0.03016009085062865,0.016418224405309875,0
2025-03-31,372.5379943847656,374.2052233402368,364.449889664545,369.7096411618319,35184700,384.6631683349609,401.41544067382813,412.70097778320314,False,-17.555572509765682,-0.009002196421949438,0.01588023301352607,0
2025-04-01,379.2863464355469,379.9413357760227,370.3944277527412,371.8036224636275,19689500,384.3446105957031,400.50279846191404,412.45646697998046,False,-12.8714599609375,0.018114533691861334,0.016480283915340687,0
2025-04-02,379.2367248535156,382.1543604865691,373.7586433966847,375.0983928958324,16092600,383.4077835083008,399.5996618652344,412.18180694580076,False,-7.7705078125,-0.00013082881178716477,0.014589264306669328,0
2025-04-03,370.2752990722656,374.61212363444304,366.54388609690864,371.9425583652147,30198000,382.2278137207031,398.166689453125,411.73134033203127,False,-17.337249755859375,-0.023630163414979033,0.015262649231721352,0
2025-04-04,357.10614013671875,371.74407816646067,356.74888974568233,361.363555677575,49209900,380.56702880859376,396.46023132324217,411.0972891235352,False,-18.81597900390625,-0.035565858615312806,0.016884282877123232,0
2025-04-07,355.14117431640625,368.1813588125757,342.17049555544185,348.2142236601539,50425000,379.4604995727539,394.7669665527344,410.47215423583987,False,-17.396820068359375,-0.00550246999270354,0.015441173130187554,0
2025-04-08,351.8662414550781,370.8112022714622,347.5889889390993,365.4621683401468,35868900,378.1758346557617,393.1963818359375,409.85904571533206,False,-27.42010498046875,-0.009221495839314864,0.015477742399930258,0
2025-04-09,387.5232849121094,390.2424886537646,350.4173671278774,350.854026698487,50199700,378.53409271240236,392.08856079101565,409.5528887939453,False,8.28656005859375,0.1013369265251991,0.028063895081769336,0
2025-04-10,378.45269775390625,380.983312003396,365.0056257671045,379.1572950457799,38024400,378.66211395263673,390.8957946777344,409.1345767211914,False,8.177398681640625,-0.02340656035742561,0.02846737659398168,0
2025-04-11,385.498779296875,387.0865991344375,376.0114134245454,377.7481178718862,23839200,378.6566558837891,390.38551025390626,408.7700204467773,False,28.39263916015625,0.018618130045807035,0.028175819243034632,0
2025-04-14,384.8636169433594,391.6516465120973,381.2909618319917,390.23251818413166,19251200,378.61249084472655,389.8611358642578,408.51663879394533,False,29.722442626953125,-0.0016476377815621834,0.02817935174035775,0
2025-04-15,382.7994384765625,388.9126416904877,381.24135923720473,385.5583162962043,17199900,378.72215270996094,389.3774841308594,408.2351022338867,False,30.933197021484375,-0.00536340245199296,0.028033332901477703,0
2025-04-16,368.7867126464844,378.71073856569086,365.2041538267982,377.7779079921512,21967800,377.9178100585938,388.58485595703127,407.7933737182617,False,-18.736572265625,-0.03660592054639622,0.029103481255566485,0
2025-04-17,364.98583984375,371.47616155585064,364.10261724728616,370.9104847853966,21120200,376.97205047607423,387.6979864501953,407.3363705444336,False,-13.46685791015625,-0.010306425563596289,0.029166405075015035,0
2025-04-21,356.3916320800781,361.7109259917268,352.9678611353571,360.06353397111536,20807300,375.3772598266602,386.5891180419922,406.8111538696289,False,-29.107147216796875,-0.023546688187550124,0.029358405042868258,0
2025-04-22,364.0330810546875,364.975845229084,357.1259380626888,360.6192141374614,19485000,374.074235534668,385.7533154296875,406.3214468383789,False,-20.830535888671875,0.021441157105766218,0.02985117591828149,0
2025-04-23,371.5456237792969,377.5000393765427,370.18600677791767,373.20291916052497,20545500,373.0436264038086,385.0188366699219,405.8891372680664,False,-11.253814697265625,0.020636978108813153,0.03027093274841875,0
2025-04-24,384.35748291015625,385.4987700338486,372.3395029604808,372.8456379358323,22232300,372.9111389160156,384.5560461425781,405.4938278198242,False,15.570770263671875,0.034482600011646936,0.031229332118870304,0
2025-04-25,388.87298583984375,389.1806282395776,381.67806660180736,384.05982691311567,18973200,372.9741607666016,384.23110534667967,405.1931945800781,False,23.88714599609375,0.01174818529744348,0.03133721241728916,0
2025-04-28,388.1882019042969,389.7561846754867,383.7025530868883,388.9821118643913,16579400,373.5874649047852,383.8627563476563,404.88105834960936,False,31.79656982421875,-0.0017609449884207207,0.030501632372001014,0
2025-04-29,391.04632568359375,392.0982700078575,387.4141285639624,388.32712198825146,14974000,374.51288146972655,383.59336547851564,404.5230239868164,False,27.01324462890625,0.007362727061966501,0.030409344284923676,0
2025-04-30,392.2570190429687,393.6463764759126,381.5192168010019,387.33468087236696,36461100,375.16141510009766,383.3242205810547,404.17491729736327,False,20.711395263671818,0.0030960356353137986,0.030197326752670863,0
2025-05-01,422.1680603027344,433.6700028111626,421.6718590023584,427.8346706730253,58938100,377.30798187255857,383.5516796875,404.06431732177737,False,37.810577392578125,0.0762536801323348,0.034433377326164194,0
2025-05-02,431.9729919433594,436.1013902925972,426.7231738378541,428.4598783453456,30757400,380.39286651611326,383.93177001953126,404.00026550292966,False,43.100006103515625,0.023225185803004367,0.033906907994630336,0
2025-05-05,432.8562622070313,436.1609495915282,428.8270797245025,429.58131540385136,20136100,384.1803726196289,384.4867224121094,403.9356372070313,False,44.66806030273443,0.0020447349258996272,0.032355595390771624,0
2025-05-06,430.0179138183594,434.40434608152555,427.89418827142663,428.91636160877,15104200,387.92420959472656,385.06846801757814,403.81835998535155,False,38.971588134765625,-0.006557253842649491,0.032383289422603226,1
2025-05-07,430.0576477050781,434.79139692835327,427.8346454163338,430.54391525930873,23295300,391.8337799072266,385.7720819091797,403.7281225585937,False,37.80062866210943,9.240053830761319e-05,0.03215711755614045,1
2025-05-08,434.8410339355469,440.2992479012544,432.3500938706748,434.6028367318432,23491300,394.1996673583984,386.5350408935547,403.62966094970704,False,12.6729736328125,0.01112266287088337,0.02406127427835664,1
2025-05-09,435.3967590332031,437.3914674607305,432.5684058555715,436.6570993033328,15324200,397.04687042236327,387.45202087402345,403.5311117553711,False,3.42376708984375,0.0012779959899980042,0.023084220923506774,1
2025-05-12,445.8467712402344,445.9559209816134,436.43878433354007,442.551987565255,22821900,400.06427001953125,388.4894781494141,403.55974334716797,False,12.990509033203068,0.02400112538787713,0.023254122693538513,1
2025-05-13,445.7277221679687,447.24609694771215,441.9764112331301,444.37803887168343,23618800,403.1074752807617,389.69326354980467,403.5443978881836,False,15.709808349609318,-0.00026701790827043936,0.02322741634648505,1
2025-05-14,449.498779296875,450.45147719255016,444.7352595327789,444.7352595327789,19902800,406.4424423217773,390.97008911132815,403.5383383178711,True,19.441131591796875,0.008460450049111445,0.023025566879555998,1
2025-05-15,450.512939453125,453.55526390744575,447.8285212445723,448.1665539237944,21992300,410.52875366210935,392.02088256835935,403.7114840698242,True,15.671905517578125,0.0022562022478378463,0.020541417352217827,1
2025-05-16,451.6463317871094,451.73580834700897,446.1383501578063,449.4391522856184,23849800,414.86177825927734,393.1763153076172,403.89952972412107,True,16.24957275390625,0.002515781978116305,0.020060429709334436,1
2025-05-19,456.2197570800781,456.9355998797858,448.1963586877965,448.27591363294266,21336500,419.85318450927736,394.4942736816406,404.137568359375,True,10.37298583984375,0.010126120752209422,0.018358579662509318,1
2025-05-20,455.5238342285156,455.69283539558984,451.69606398891386,452.9587181303489,15441800,424.42772216796874,396.0593151855469,404.3820181274414,True,9.796112060546932,-0.001525411472787952,0.018492795546536912,1
2025-05-21,449.9561767578125,455.1360777634671,449.2005564495621,451.94462570262056,19216900,428.3482498168945,397.5072479248047,404.5303826904297,True,0.4573974609375,-0.012222538212808609,0.019082021683562104,1
2025-05-22,452.23291015625,457.5917944035942,451.27846319798533,452.32241705541014,18025600,431.74202117919924,398.94474365234373,404.7135974121094,True,1.719970703125,0.0050599003103872775,0.018191256017914454,1
2025-05-23,447.5799560546875,451.06969358680703,446.3173019248347,447.3811293692874,16883500,434.67736968994143,400.3784973144531,404.9253564453125,True,-4.066375732421875,-0.010288844524727003,0.018634392279722915,1
2025-05-27,458.0292663574219,458.2877744248074,453.48565331857327,453.8435898996704,20974300,438.16942291259767,401.826923828125,405.29806243896485,True,1.80950927734375,0.02334624274697772,0.01884251855586734,1
2025-05-28,454.7184753417969,459.8486770934627,454.2909661144885,458.55619745791415,17086300,441.3530303955078,403.20635498046875,405.6706411743164,True,-0.80535888671875,-0.007228339450783938,0.019167279593482835,1
2025-05-29,456.0308837890625,459.05333474747385,452.68035209769624,458.884303233251,13974800,444.5417236328125,404.7148486328125,406.08526428222655,True,6.07470703125,0.002886199964228675,0.019170012317856228,1
2025-05-30,457.7011413574219,459.0135248792732,452.9090026922185,457.0648535034259,34770500,446.31837768554686,406.17140014648436,406.46934692382814,True,5.468231201171875,0.0036625974856825394,0.010361170966747267,1
2025-06-02,459.3018493652344,459.44102500437896,454.25120274050374,454.4997588416313,16626500,447.6848205566406,407.6794165039062,406.8248678588867,True,11.721893310546875,0.003497277728137682,0.009332543933073902,1
2025-06-03,460.2961120605469,461.4593680607732,458.1982826150306,458.8047753297213,15743800,449.0568130493164,409.11958984375,407.2446063232422,True,2.266845703125,0.0021647260874011476,0.009331859573222818,1
2025-06-04,461.19091796875,463.00041385639463,460.3458210681402,461.3201720094852,14162700,450.61546325683594,410.5415368652344,407.65160247802737,True,6.472442626953125,0.0019439788535198232,0.009057493147553242,1
2025-06-05,464.9788818359375,466.93750520910584,461.3499686746429,462.2745901279283,20131700,452.3615249633789,411.9979583740234,408.1520407104492,True,8.947998046875,0.008213439856688876,0.009076623527562933,1
2025-06-06,467.6632995605469,470.6061954238558,466.0725343793748,467.37496597576217,15285600,454.0026382446289,413.61107971191404,408.6967544555664,True,9.962158203125,0.005773203535631932,0.008931800978829304,1
2025-06-09,470.0196228027344,470.69568816704816,465.9134708467471,466.98725027602023,16469900,455.7337814331055,415.25922119140625,409.28008544921875,True,10.7177734375,0.005038503650813819,0.008918086822004673,1
2025-06-10,468.2001647949219,470.06928116822303,464.2630143504256,468.46859445832456,15375900,456.85145111083983,417.1047821044922,409.73984191894533,True,7.904052734375,-0.003871025632851355,0.007701570279363034,1
2025-06-11,469.890380859375,472.72392676786,466.94748481913814,467.3053910772251,16399200,458.05958404541013,419.05182983398436,410.23363525390624,True,8.699462890625,0.0036100287687712562,0.0076776212549026675,1
2025-06-12,476.104248046875,477.6453141185156,470.7851412769109,472.2764779222473,18950600,459.38985748291014,420.9881878662109,410.7454931640625,True,11.1253662109375,0.013224078297018105,0.007936217226863211,1
2025-06-13,472.21685791015625,476.412486495024,470.02958222474376,473.65849556523114,16814500,460.47505340576174,422.84779052734376,411.2237261962891,True,4.553558349609375,-0.008164997797574847,0.008314434999167772,1
2025-06-16,476.3727111816406,477.91374692205306,472.2566074497181,472.4653860858625,15626100,461.7113723754883,424.96973876953126,411.56821411132813,True,6.35308837890625,0.00880073043109153,0.008437379027419449,1
2025-06-17,475.279052734375,475.97499162724574,471.3419021646973,472.6542856879232,15414100,462.6643371582031,427.33319702148435,411.89671417236326,True,7.078887939453125,-0.0022958041499749893,0.008318497118942402,1
2025-06-18,477.4663391113281,478.2219594008936,471.71972301658775,475.2392860574369,17526500,463.76146240234374,429.77970031738283,412.2733334350586,True,7.575958251953125,0.0046021097802841915,0.008291468471317549,1
2025-06-20,474.6427612304687,480.667759158903,474.1158234691147,479.4448824655413,37576200,464.99579162597655,432.2352307128906,412.71580627441404,True,-1.4614868164063068,-0.0059136689847387736,0.007812559763889225,1
2025-06-23,483.1930541992187,484.9329468840925,469.7809768690432,475.4480376949825,24864000,466.543798828125,434.1486260986328,413.1185934448242,True,10.976196289062443,0.018014164898636942,0.008522945554732667,1
2025-06-24,487.279296875,489.0092679302753,483.9884166007436,486.1260232932434,22305600,468.5287658691406,436.32515808105467,413.6104763793945,True,10.906585693359375,0.008456749616472248,0.00795591469112906,1
2025-06-25,489.4268493652344,491.70363180611855,486.5635084927723,489.1981971647186,17495100,470.09864501953126,438.4037194824219,414.39461486816407,True,14.147796630859375,0.004407231138295886,0.006575467383479013,1
2025-06-26,494.5769653320313,495.1635541172166,489.9637493151316,490.13278082199906,21578900,472.091569519043,440.5979864501953,415.22956115722656,True,17.110626220703182,0.01052274915746132,0.006264385886831366,1
2025-06-27,493.0756530761719,496.41623250794254,490.1824564211629,494.6763398018984,34539200,473.9438079833984,442.8035107421875,416.09049743652344,True,18.432891845703182,-0.0030355482788235744,0.006467817898393023,1
2025-06-30,494.53717041015625,497.86782827206525,492.4691666337086,494.1693122308427,28369000,475.78560943603514,445.31851989746093,416.9516879272461,True,11.344116210937557,0.002964083350833313,0.006471237264521978,1
2025-07-01,489.2081298828125,495.17347659984546,488.14433277768,493.602615314542,19945400,477.2809234619141,447.8029656982422,417.75047607421874,True,1.9288330078125,-0.01077581392501592,0.007257025991841382,1
2025-07-02,488.253662109375,490.6497465796282,485.8774815457773,487.1600091895654,16319600,478.67880096435545,450.4402062988281,418.51466217041013,True,-1.173187255859375,-0.0019510464261216498,0.007345268641649156,1
2025-07-03,495.95892333984375,497.2414813819725,490.59011735274714,490.9579755463732,13984800,480.41720123291014,453.07872314453124,419.41601928710935,True,1.3819580078124432,0.015781266641565317,0.007875287843808922,1
2025-07-07,494.8454284667969,495.869478507003,492.3698191254294,494.50739577153047,13981600,481.9105285644531,455.54471923828123,420.2817779541016,True,1.769775390625,-0.0022451352735998187,0.007904896409145915,1
2025-07-08,493.7517700195313,495.32266173239384,491.2562567966873,494.3681843595188,11846600,483.21495208740237,457.73260498046875,421.14432556152343,True,-0.7854003906249432,-0.002210101143409804,0.00796663031008153,1
2025-07-09,500.60198974609375,503.8530929514779,496.85374394735805,497.4105072423231,18659500,484.7440704345703,459.96718505859377,422.0991452026367,True,11.39385986328125,0.013873813001807456,0.00833670458162219,1
2025-07-10,498.5836791992187,501.52657502305914,494.8752111441128,500.1445884984204,16492100,486.2632461547852,462.1750946044922,423.01892547607423,True,10.330017089843693,-0.004031766929050273,0.008343944121039984,1
2025-07-11,500.4130859375,502.1132013481938,494.92494724269005,495.5910910122862,16459500,487.7893814086914,464.3624298095703,423.97789764404297,True,4.45416259765625,0.0036692070250263775,0.00834411451598806,1
2025-07-14,500.1147766113281,501.05930198422453,498.1362796464767,498.6234399223271,12058800,488.9899078369141,466.5195849609375,424.9219027709961,True,5.26934814453125,-0.0005961261496849612,0.008035493540858406,1
2025-07-15,502.8986206054687,505.36427783294863,499.88612172349406,500.11477392946824,14927200,490.5239959716797,468.1341961669922,425.8429379272461,True,9.146850585937386,0.005566410200881,0.007654454217192076,1
2025-07-16,502.69976806640625,503.793421043838,498.99133023831314,502.2623068754336,15154400,491.840348815918,469.5487316894531,426.74025085449216,True,2.0977783203125,-0.0003954127748909686,0.007574849151352878,1
2025-07-17,508.7446594238281,510.40499725185873,502.6997578215743,502.75940886082554,17503100,493.5136291503906,471.0664996337891,427.7766110229492,True,10.160980224609432,0.012024854080743053,0.007750537733869504,1
2025-07-18,507.1041564941406,511.66767331118785,504.4992933518648,511.5085634207008,21209700,494.9955200195312,472.6082244873047,428.8383462524414,True,6.691070556640625,-0.003224609633338371,0.007885006345153643,1
2025-07-21,507.1141357421875,509.1324405638626,502.6301736290422,503.7834776665751,14066800,496.6190887451172,474.14935424804685,429.9607180786133,True,6.999359130859375,1.9678892233532252e-05,0.007637948856931435,1
2025-07-22,502.3517456054687,508.2475192857543,502.3517456054687,508.01883675363734,13868600,497.5770233154297,475.4995684814453,431.0173046875,True,-0.546875,-0.009391160295204148,0.00731875988610954,1
2025-07-23,502.94830322265625,503.8630030405687,497.80817995491657,503.8232255681408,16396600,498.3604736328125,476.85059936523436,432.15131011962893,True,0.24853515625,0.0011875296988737016,0.007158485047837769,1
2025-07-24,507.9294128417969,510.703277326071,504.37007217269974,505.831583388195,16107000,499.2856018066406,478.0922521972656,433.29086517333985,True,-0.81524658203125,0.009903820307622047,0.007373881767662509,1
2025-07-25,510.7430419921875,515.2965460849812,507.4123538189797,509.5101527540243,19125700,500.0939056396484,479.39255859375,434.5429110717773,True,3.638885498046875,0.005539409766897929,0.0071472823275610066,1
2025-07-28,509.5400390625,512.0256002286585,507.17377997770546,511.110930710653,14308000,500.91712493896483,480.5933837890625,435.7817364501953,True,2.4259033203125,-0.0023553975889619716,0.007125481267693596,1
2025-07-29,509.609619140625,514.6304403339567,508.6054427654301,512.5525452747698,16469200,501.6707473754883,481.7753173828125,436.8980999755859,True,7.257873535156307,0.00013655468224449407,0.007126455870926318,1
2025-07-30,510.2757873535156,512.9701576717969,506.4977462813353,512.194633411811,26380400,502.72413024902346,482.9479064941406,438.0621109008789,True,7.327484130859375,0.0013072127916542442,0.006514547037604855,1
2025-07-31,530.4187622070312,552.2420017670738,528.8280273057109,552.0232408256204,51617300,504.83238525390624,484.4318865966797,439.4630801391602,True,22.489349365234375,0.03947468281414013,0.010509333432260405,1
2025-08-01,521.0829467773438,532.7054326872741,517.8517174087783,531.9100652869249,28977600,506.0885864257813,485.7430688476563,440.90119201660156,True,10.33990478515625,-0.017600839364810383,0.011201560607847117,1
2025-08-04,532.54638671875,535.141297909759,525.0797515616827,525.218957545317,25349000,507.97363433837893,487.394873046875,442.45106048583983,True,23.00634765625,0.021999261369619383,0.011944515015080712,1
2025-08-05,524.7019653320312,534.196796907337,524.1949011418618,534.0774948252555,19171600,509.5211441040039,488.8442541503906,443.8944989013672,True,15.09234619140625,-0.014730024618234028,0.01258399043646209,1
2025-08-06,521.908203125,528.6291703469228,521.0034855448089,527.8338028961505,21355700,510.5864547729492,490.33081909179685,445.354658203125,True,11.632415771484375,-0.0053244744476292905,0.012451952846333226,1
2025-08-07,517.8319091796875,525.0400367197672,514.5608717763297,523.757448292983,16079100,511.54886627197266,491.52687194824216,446.6768978881836,True,-12.58685302734375,-0.007810365732719093,0.0125788456123294,1
2025-08-08,519.02490234375,521.6297655095517,516.4100872243725,519.5816656001966,15531000,512.4794570922852,492.81300048828126,448.009677734375,True,-2.05804443359375,0.00230382319612632,0.01257284193141135,1
2025-08-11,518.7564697265625,524.542862850504,516.7182612189127,519.2833770884752,20194400,513.4115417480468,494.06751220703126,449.39118041992185,True,-13.7899169921875,-0.0005171863931293652,0.012572028869923379,1
2025-08-12,526.183349609375,527.9132904806338,519.6811434112465,520.7250669698358,18667000,514.5757781982422,495.4371563720703,450.80427825927734,True,1.48138427734375,0.014316698328075361,0.012855197997104377,1
2025-08-13,517.5734252929688,529.6234217995657,516.3703917601634,529.0368026236954,19619200,515.3194610595704,496.602587890625,452.1410021972656,True,-4.33477783203125,-0.016362973710205786,0.013513227570622186,1
2025-08-14,519.46240234375,522.9123929469488,517.13595097363,519.5419572956574,20269100,515.8553482055664,497.7859136962891,453.4527517700195,True,1.6304931640625,0.0036496793661924265,0.013299448520468495,1
2025-08-15,517.1657104492188,523.0614541020369,516.0820397908819,519.7507304052322,25213300,516.3584259033203,498.90540954589846,454.7234732055664,True,-1.85919189453125,-0.004421286091483956,0.013322723806750269,1
2025-08-18,514.1134643554688,519.8004600468895,511.05129658888984,518.5775833311014,23760600,516.7083923339844,499.8881011962891,455.9430297851562,True,-4.64300537109375,-0.005901872517995788,0.013412700959123678,1
2025-08-19,506.8257751464844,512.1846290296555,505.6128201320888,512.0255798217245,21481000,516.9320938110352,500.6713507080078,457.14121520996093,True,-19.357574462890625,-0.01417525451919599,0.013644121442106636,1
2025-08-20,502.7991943359375,508.0486982628479,501.5265882427872,506.925219770199,27723000,516.9246383666992,501.3269421386719,458.29308166503904,True,-14.77423095703125,-0.007944704093597266,0.013773190351838582,1
2025-08-21,502.15185546875,505.5278315490841,500.6381609615915,501.6041452591809,18443300,516.6357604980469,502.00597595214845,459.5553790283203,True,-17.310546875,-0.001287469977040212,0.013578791959439777,1
2025-08-22,505.1295166015625,508.6150227226763,500.32946944945456,502.1618461633245,24324200,516.3550842285156,502.7107586669922,460.8812942504883,True,-12.03619384765625,0.005929802111420912,0.013588185580394752,1
2025-08-25,502.17181396484375,506.0855321115255,502.0323791323648,504.5319946732823,21638600,515.9866729736328,503.23210998535154,462.11014892578123,True,-11.941650390625,-0.005855335195253941,0.013636255168402524,1
2025-08-26,499.96099853515625,502.8888260614155,496.4456179190968,502.2713680297872,30835700,515.5042419433594,503.78699279785155,463.31739166259763,True,-6.864776611328125,-0.00440250800265396,0.013660389400246008,1
2025-08-27,504.64154052734375,505.1892811692936,497.82986914621193,499.92117896114246,17277900,515.2225296020508,504.3523693847656,464.66105407714844,True,1.84234619140625,0.009361814233312282,0.013845361604759451,1
2025-08-28,507.529541015625,508.9735181763212,503.406670609209,504.99008260275673,18015600,514.0780685424804,504.9973791503906,466.1652880859375,True,5.377685546875,0.005722875063482347,0.010332228526398519,1
2025-08-29,504.59173583984375,507.4896888132377,502.40083415821226,506.5535790393771,20961600,513.2535079956054,505.5398870849609,467.65979370117185,True,-0.53778076171875,-0.005788441732677008,0.00972229296425309,1
2025-09-02,503.0282287597656,503.90458943006223,494.75264396148896,498.3974910813857,18128000,511.77760009765626,506.1075964355469,469.1714135742188,True,0.856414794921875,-0.0030985586346867766,0.007985759488461397,1
2025-09-03,503.2572937011719,505.68719181229375,500.2398424947412,501.70375627159575,16345100,510.70536651611326,506.5088812255859,470.32875366210936,True,3.296295166015625,0.00045537194199019027,0.007500620160981503,1
2025-09-04,505.866455078125,506.04570238922344,501.0664078062513,502.2116394820944,15509500,509.90327911376954,506.88062438964846,471.60289123535154,True,1.22491455078125,0.005184547565648234,0.007626751023739019,1
2025-09-05,492.9501647949219,509.8498918622262,490.3310509759443,506.9619070760115,31994800,508.65919189453126,506.9510906982422,472.67740509033206,True,-14.579376220703125,-0.025533004123011738,0.009251180966196183,1
2025-09-08,496.1369018554687,499.1244784694731,492.9800158612091,496.04724781279185,16771000,507.51479187011716,506.98228942871094,473.79013793945313,True,-8.454833984375057,0.006464623177218298,0.009408406265924953,1
2025-09-09,496.3460083007813,500.17010260105087,495.6389570336189,499.3534910580183,14410500,506.39426879882814,507.0476965332031,474.9256036376953,True,-6.682220458984318,0.00042146924473995817,0.009419630449731037,0
2025-09-10,498.29791259765625,501.1460848531792,494.6630336933239,500.8971201283455,21611800,504.9999969482422,507.12291137695314,476.22071563720704,True,-4.959381103515625,0.003932547586223523,0.00872394868028318,0
2025-09-11,498.9352722167969,501.08633106619584,495.8182290284252,500.17012751524385,18881600,504.0680892944336,507.3174542236328,477.5602099609375,True,-6.931182861328125,0.0012790734278176341,0.00814025930965288,0
2025-09-12,507.7884521484375,510.42747218178897,501.7635178992086,504.55191069082485,23624900,503.484391784668,507.70815002441407,479.0741781616211,True,14.838287353515625,0.01774414523211698,0.009180539677050863,0
2025-09-15,513.225830078125,513.3353599697668,504.9004642300766,506.68306017742736,17143800,503.28739776611326,508.05348815917966,480.5661056518555,True,17.088928222656307,0.010707959006712509,0.009509505579465696,0
2025-09-16,506.9320068359375,515.0880630075219,506.4938265025834,514.7395367165727,19711900,502.9283248901367,508.2952197265625,481.9199694824219,True,10.585998535156193,-0.012263262823754228,0.009807087936800522,0
2025-09-17,507.9079284667969,509.1726886784055,503.8348693472275,508.5054498653079,15816600,502.98243255615233,508.57834289550783,483.1554739379883,True,9.610015869140625,0.0019251529153794245,0.009286012669760051,0
2025-09-18,506.3444519042969,510.9453149965379,505.55771489166153,509.37184097126715,18913700,503.1596954345703,508.69319213867186,484.3301885986328,True,7.4091796875,-0.003078267683711111,0.00912516857123952,0
2025-09-19,515.7852172851562,517.1495391803752,508.19677696926453,508.44574170609144,52474100,503.84136352539065,509.03722290039065,485.6061587524414,True,7.99676513671875,0.018644946824940778,0.009980571994254079,0
2025-09-22,512.3196411132812,515.5959951267806,510.41751650985566,513.4549348866175,20009300,504.20086975097655,509.2753540039063,486.81889190673826,True,-0.90618896484375,-0.006719029657569653,0.010077892579465631,0
2025-09-23,507.1212463378906,512.4590659268906,505.2091838485409,511.67229848312854,19799600,504.4483413696289,509.4154833984375,487.9675341796875,True,0.189239501953125,-0.010146780170470104,0.010269906313767868,0
2025-09-24,508.0373840332031,510.35772177145367,504.82077941210207,508.266442508536,13533700,504.85216064453124,509.5182586669922,488.8262274169922,True,0.12945556640625,0.0018065456770510746,0.010206261139759752,0
2025-09-25,504.9303283691406,507.89799878212006,502.94857891661616,506.1950582100621,15786500,504.8666000366211,509.56286987304685,489.55580078125,True,-1.41412353515625,-0.006115801241625585,0.010113351942670663,0
2025-09-26,509.3419494628906,511.8116903059077,504.52199636524745,507.9477531769938,16213100,504.95722045898435,509.57481567382814,490.3206576538086,True,-6.443267822265625,0.008737088754400935,0.010223767403347933,0
2025-09-29,512.4689331054688,514.7096154882738,506.77264973451184,509.3817950243417,17617800,505.3510803222656,509.6821112060547,491.14516784667967,True,0.1492919921875,0.00613926193567127,0.010202204434786788,0
2025-09-30,515.8051147460938,516.0142062084105,507.54943619028296,511.11459757878936,19728200,505.989924621582,509.85593078613283,492.00264251708984,True,8.683868408203125,0.006510017339799168,0.01023393453921305,0
2025-10-01,517.5578002929688,518.3544751787417,509.5709932440202,512.6680995330014,22632300,506.7049499511719,510.1600518798828,492.8298101806641,True,9.520416259765625,0.0033979607738821027,0.010242228328288375,0
2025-10-02,513.6041870117188,519.4399047558908,508.56514411884206,515.4963429681408,21222900,507.0918365478516,510.37316955566405,493.61188446044923,True,8.673858642578125,-0.007638979219349085,0.010396488267025165,0
2025-10-03,515.20751953125,518.3345307125708,512.8672756929882,514.9585548343116,15112300,508.20470428466797,510.51873168945315,494.30549194335936,True,5.865570068359375,0.0031217278987927255,0.008347527337737448,0
2025-10-06,526.3811645507812,528.8309994124726,516.0541122577388,516.4623876768178,21388600,509.71691741943357,510.831494140625,495.1120263671875,True,13.9122314453125,0.02168765904212222,0.00938255052285779,0
2025-10-07,521.8101196289062,527.6060256392368,519.2806599401652,526.1022689962125,14615200,510.99012298583983,511.07689575195315,495.8351397705078,True,6.0050048828125,-0.008683906700529431,0.009729005383514901,0
2025-10-08,522.676513671875,524.7678538085896,520.923853084141,521.1130687043808,13363400,512.2090530395508,511.33823364257813,496.5567755126953,True,5.11871337890625,0.001660362669058335,0.00972526966639961,1
2025-10-09,520.2366943359375,522.158694647609,515.2574000210162,520.1769452354545,18343600,513.2741241455078,511.5374517822266,497.2426791381836,True,6.63250732421875,-0.004667933745094888,0.009852579487814817,1
2025-10-10,508.8440551757813,521.4118200258811,507.5195762105422,517.4881335274953,24133800,513.326904296875,511.10595764160155,497.7689221191406,True,-6.363464355468693,-0.02189895346520776,0.010513332084172869,1
2025-10-13,511.9212646484375,514.2714771071726,509.56108387533754,514.2714771071726,14284200,513.2616760253907,510.92272399902345,498.33289642333983,True,-14.45989990234375,0.006047450965292578,0.010316963307323757,1
2025-10-14,511.4432067871094,513.146147202046,503.9045484424133,508.1170420708167,14684300,513.4872360229492,510.50066040039064,498.9477667236328,True,-10.366912841796875,-0.0009338503679007237,0.009915857470288298,1
2025-10-15,511.3038330078125,515.0482722356254,507.88804423946306,512.8275263160849,14694700,513.65703125,510.2326977539062,499.5384759521484,True,-11.3726806640625,-0.0002725107645331626,0.009911289309479708,1
2025-10-16,509.4913330078125,514.7096236704256,506.02576365101777,510.4573477017149,15559600,513.8143753051758,509.9843603515625,500.1575897216797,True,-10.745361328125,-0.003544859011397894,0.009920402521804724,1
2025-10-17,511.4532165527344,513.3453119402852,505.20916197429216,506.9320087638593,19867800,513.5977752685546,509.8567864990234,500.6918292236328,True,2.609161376953068,0.003850671086669477,0.008993191488996537,1
2025-10-20,514.6498413085938,516.5519656323323,511.3037703677804,512.4788764440519,14665600,513.7142852783203,509.7692852783203,501.2911428833008,True,2.72857666015625,0.0062500824169315905,0.008979860480892577,1
2025-10-21,515.5162963867188,516.5420602391357,510.9154330870712,515.3569857054445,15586200,514.1340377807617,509.70448181152346,501.88599700927733,True,4.073089599609375,0.0016835817454483593,0.008641159492264492,1
2025-10-22,518.3843383789062,523.0549187669818,515.566101626736,518.9918584655633,18962700,514.6513854980469,509.5485015869141,502.4928289794922,True,7.08050537109375,0.0055634361363350315,0.008703501866189777,1
2025-10-23,518.404296875,521.7802730707533,516.4623598997719,520.2964530626382,14023500,515.3250839233399,509.5651190185547,503.08385345458987,True,8.9129638671875,3.8501348547992365e-05,0.008544357186676234,1
2025-10-24,521.441650390625,523.1744351060786,518.5536961256696,520.6250388201142,15532400,515.9300689697266,509.6047039794922,503.69530883789065,True,9.988433837890625,0.00585904386582925,0.00843700017133216,1
2025-10-27,529.3189697265625,532.3662956890146,526.819354031342,529.577902779321,18734700,516.7725708007813,509.84776916503904,504.37658935546875,True,14.66912841796875,0.015106808844357555,0.008936345965103273,1
2025-10-28,539.8251953125,551.4269140414981,538.5305910090683,547.722348424072,29986700,517.9735748291016,510.3620037841797,505.1250524902344,True,24.30889892578125,0.019848571819303773,0.009775904539948274,1
2025-10-29,539.3073120117188,544.0077970763692,534.5072653816836,542.6832878753321,36023000,519.0610504150391,511.0116345214844,505.8414926147461,True,20.9229736328125,-0.0009593537042699163,0.009799230246102335,1
2025-10-30,523.582763671875,532.7545848667123,519.9578228356851,528.2831883129468,41023100,519.5599792480468,511.42730590820315,506.3771240234375,True,5.178466796875,-0.029156935182629407,0.011884805557527458,1
2025-10-31,515.6656494140625,527.1279940743384,512.9668501497666,526.6898137654194,34006400,519.5828857421875,511.69758178710936,506.8517788696289,True,-5.7760009765625,-0.01512103683912347,0.012404505681313035,1
2025-11-03,514.888916015625,522.7860691817526,512.4590180581705,517.657371934483,22374700,519.0082733154297,511.8927697753906,507.30176422119143,True,-14.4300537109375,-0.0015062732980567484,0.011318467113836278,1
2025-11-04,512.2001342773438,513.4150529816625,505.73698923396887,509.6407695643784,20958700,518.5277740478516,512.0933361816407,507.6627230834961,True,-27.62506103515625,-0.005222061797499733,0.0112215024213562,1
2025-11-05,505.0597839355469,512.6980347767452,504.4821687767013,511.17434154282535,23024300,517.6469375610352,512.1953118896485,507.99115234375,True,-34.247528076171875,-0.013940547578869977,0.011573167411829732,1
2025-11-06,495.04144287109375,503.6058351018555,493.75677643867937,503.5659922381216,27406500,516.387174987793,512.0033099365235,508.1778396606445,True,-28.54132080078125,-0.019835950877711617,0.012258143312852332,1
2025-11-07,494.7626037597656,497.31199999791255,491.2073803526309,494.8920702735403,24019800,515.6831024169921,511.74797119140624,508.37267517089845,True,-20.903045654296875,-0.0005632641778654524,0.011368680269589962,1
2025-11-10,503.9046020507813,504.7510881917551,496.73440583349895,497.96929153220975,26101500,515.2822692871093,511.734228515625,508.63705780029295,True,-10.984313964843693,0.01847754503178778,0.012109449958377655,1
2025-11-11,506.573486328125,507.48968986721945,500.26971300797675,502.7095490222416,17980000,515.0387832641602,511.80513366699216,508.95636505126953,True,-5.62664794921875,0.00529640782497709,0.01218353927561547,1
2025-11-12,509.0233154296875,509.5511194130969,497.05307240824305,507.2506574723947,26574900,514.9247573852539,511.9204541015625,509.21466766357423,True,3.963531494140625,0.0048360784124728,0.012239936824798278,1
2025-11-13,501.205810546875,511.3735209246628,499.2140928412288,508.1967287528611,25273100,514.510481262207,511.8272412109375,509.35393280029297,True,6.16436767578125,-0.015357852274828332,0.012689064196765644,1
2025-11-14,508.0672912597656,509.48142428367663,495.3800584752997,496.16679552350377,28505700,514.3411849975586,512.1295837402344,509.54033721923827,True,13.3046875,0.013689946462120961,0.01306178613383829,1
2025-11-17,505.388427734375,509.9992593431845,502.8191251226507,506.3444741681718,19092800,513.8781143188477,512.3146142578125,509.64845184326174,True,1.4838256835936932,-0.005272654964164958,0.01301399430566175,1
2025-11-18,491.74517822265625,500.8971240097586,484.76419755903834,493.3186219236693,33815100,512.6895584106445,512.22259765625,509.63514709472656,True,-14.82830810546875,-0.02699557164947486,0.014244656953498672,1
2025-11-19,485.102783203125,493.1393718315723,480.8305400064438,488.070453670226,23245300,511.02548065185545,511.95869506835936,509.5408032226562,True,-23.9205322265625,-0.01350779898552179,0.014331391922650143,0
2025-11-20,477.3404846191406,492.4460215630244,474.41716428973194,491.5879641710541,26802500,508.9722900390625,511.52679931640625,509.42212677001953,False,-23.865325927734375,-0.016001348276606597,0.014586313889268029,0
2025-11-21,471.04486083984375,477.8293938228302,467.2036221547232,477.4103368698009,31769200,506.45245056152345,510.7919274902344,509.2500387573242,False,-37.022430419921875,-0.01318895836861611,0.01452932417584182,0
2025-11-24,472.9205932617187,475.8139832068258,466.9542001322548,473.9183160323131,34421000,503.6325317382813,509.98582275390623,509.019655456543,False,-32.46783447265631,0.003982067479795015,0.013920499596055506,0
2025-11-25,475.90374755859375,478.0588322743821,463.8313270788984,472.9904142849383,28019800,500.43645935058595,509.36525756835937,508.83023864746093,False,-15.8414306640625,0.006307939090366865,0.01291441483750543,0
2025-11-26,484.3943786621094,487.1979770584782,480.10418316215106,485.2025316262965,25709100,497.6908126831055,508.8949865722656,508.7366647338867,False,-0.708404541015625,0.01784106796189966,0.013958152452573248,0
2025-11-28,490.88958740234375,491.5081706450152,485.5417775483819,486.4896263544639,14386700,496.05615386962893,508.58588928222656,508.63954071044924,False,13.549102783203125,0.013408926747197292,0.013355089566584322,0
2025-12-01,485.6315612792969,488.7444513856018,483.5463243869077,487.3277021324389,23964000,494.5544494628906,507.9828161621094,508.51001953125,False,14.586700439453125,-0.01071121950431042,0.013182044947942409,0
2025-12-02,488.8841552734375,492.3761849539621,485.2125428025972,485.6116258193264,19562700,493.25421142578125,507.5141064453125,508.39473022460936,False,15.963562011718807,0.006697657758429676,0.013354643189212914,0
2025-12-03,476.64208984375,483.13724409881166,474.1178525596479,475.23529714339696,34615100,491.47630920410154,506.9045233154297,508.1600033569336,False,0.73834228515625,-0.02504083083412756,0.014270885986737295,0
2025-12-04,479.7449951171875,480.2239129901724,475.40489514051177,478.6674679630734,22318200,490.21056976318357,506.3386755371094,507.9284671020508,False,-4.649383544921875,0.006509927133071081,0.014215520250124838,0
2025-12-05,482.0597229003906,482.299166614698,477.78947078944657,481.4211657314621,22608700,489.5614837646484,505.8812634277344,507.7220666503906,False,-8.829864501953125,0.004824912832363637,0.013689872680894177,0
2025-12-08,489.9018249511719,491.1789088824645,483.2769615726175,483.7858099301447,21965900,489.3184448242188,505.4924609375,507.53363830566406,False,4.270263671875,0.01626790556904023,0.014239841315878967,0
2025-12-09,490.8995361328125,490.9993144973555,487.3875630167038,487.9862027558801,14696100,488.66819152832034,505.0610729980469,507.3715921020508,False,2.015380859375,0.0020365533068591457,0.013550789010305608,0
2025-12-10,477.4701843261719,483.1472290611573,473.99809828560024,482.9277288439702,35756200,487.21302642822263,504.29437438964845,507.0751525878906,False,0.828094482421875,-0.027356619467261645,0.014647215794964676,0
2025-12-11,482.3690185546875,484.9231863556336,474.7763326037194,475.5445986070271,24669200,485.8803115844727,503.5905987548828,506.8753253173828,False,2.6240234375,0.010259979343901993,0.014845908003207814,0
2025-12-12,477.4402770996094,481.3513637649093,475.2552617920193,478.72734800157895,21248100,484.69203491210936,502.8673205566406,506.6202450561523,False,-4.61944580078125,-0.010217781958397731,0.014656349372504162,0
2025-12-15,473.73870849609375,479.6252664455081,471.44392797474177,479.0066832317436,23727700,482.9756057739258,502.0379443359375,506.2783380126953,False,-16.163116455078125,-0.007752945826024926,0.014200500890795017,0
2025-12-16,475.3051452636719,476.80172935648005,469.8076832860371,470.8353364785088,20705600,481.4714416503906,501.0164239501953,505.92395904541013,False,-15.594390869140625,0.003306541643073313,0.014270216998133203,0
2025-12-17,475.0357360839844,478.9069051052783,473.9182915104317,475.8239455574328,24527200,480.635969543457,500.08093627929685,505.578916015625,False,-2.4344482421875,-0.0005668130933824678,0.013103996882360589,0
2025-12-18,482.87786865234375,488.4850656489584,476.8017407441929,477.1010453906704,28573500,480.524723815918,499.28496337890624,505.3115985107422,False,0.50885009765625,0.01650851077648796,0.013389621818547493,0
2025-12-19,484.8134460449219,486.7390436209232,481.39123391446,486.2501387748106,70836100,480.898371887207,498.5764984130859,505.0569750976563,False,7.3731689453125,0.004008420178750471,0.012880287046326416,0
2025-12-22,483.8157348632813,487.6170561484318,481.5908021440126,485.0129839081318,16963000,481.5369155883789,498.07593200683596,504.59094482421875,False,10.077026367187557,-0.0020579280335144556,0.012475583288116307,0
2025-12-23,485.7413330078125,486.71908182827985,483.6361221459561,483.8755963136496,14683600,482.1779525756836,497.5523333740234,504.23752868652343,False,10.436187744140625,0.003980023810253641,0.012475561144961076,0
2025-12-24,486.90863037109375,488.04604888584674,483.7258924615979,484.5739628623746,5855900,482.7281967163086,497.06164184570315,503.78115112304687,False,11.872894287109375,0.0024031254578502637,0.012425373400978332,0
2025-12-26,486.599365234375,487.0084352251926,484.85335038112265,485.601642461088,8842200,482.83844604492185,496.5675524902344,503.40012512207034,False,3.72149658203125,-0.000635160515604416,0.011795244099821422,0
2025-12-29,485.9907531738281,487.23790659993216,483.0773893732932,483.7558335295542,10893400,482.59350433349607,496.0975408935547,503.04095062255857,False,1.17730712890625,-0.001250745693541444,0.011385719425509611,0
2025-12-30,486.3699035644531,488.5648753746366,484.39440153201394,484.8234150126487,13944500,482.6304214477539,495.59587463378904,502.72633056640626,False,2.554168701171818,0.0007801596803003186,0.011127089399266935,0
2025-12-31,482.5186767578125,487.0284031238816,482.1993981667827,486.7290680267604,15601600,482.31214752197263,494.95325134277346,502.36126831054685,False,-3.22265625,-0.007918308222643278,0.011153341191895046,0
2026-01-02,471.8630065917969,483.5563186075122,469.0893385249197,483.2869444224563,25571600,482.073193359375,494.080185546875,501.8923336791992,False,-15.045623779296875,-0.022083435687120456,0.010827021663444195,0
2026-01-05,471.773193359375,474.9858617296903,468.4308161640092,472.98042932285466,25250300,481.6746032714844,493.14796264648436,501.3482321166992,False,-14.826171875,-0.0001903375156925291,0.010703360913273448,0
2026-01-06,477.4203186035156,477.64977534720424,468.68025764779384,472.72102257015473,23037700,481.4426330566406,492.3282830810547,500.9467010498047,False,-8.5704345703125,0.011970000253572977,0.011015085707892145,0
2026-01-07,482.3690185546875,488.5848422406915,476.86159994291296,478.6674756822987,25564200,481.0659927368164,491.5468304443359,500.57576721191407,False,-4.000885009765625,0.010365499243197629,0.010616136625771284,0
2026-01-08,477.0212097167969,481.5608665012806,474.7763335277468,480.14408679814625,18162600,480.3720764160156,490.5008752441406,500.1743222045898,False,-5.497467041015625,-0.011086551233978836,0.010839950488667748,0
2026-01-09,478.1885681152344,478.72734693664125,471.1247042989064,472.9804540365218,18491000,480.4079956054687,489.2681427001953,499.8150732421875,False,6.3255615234375,0.0024471834263524173,0.008967307975750157,0
2026-01-12,476.09332275390625,479.89464390147504,474.59673866594744,475.5845048686955,23519900,480.0942108154297,488.00386291503906,499.5077487182617,False,4.32012939453125,-0.00438162996992264,0.008688695386217932,0
2026-01-13,469.5981750488281,474.6965236309785,464.888922501957,473.5990225282599,28545800,479.7021057128906,486.92417114257813,499.1757385253906,False,-7.8221435546875,-0.013642593572847694,0.008918545760072118,0
2026-01-14,458.3338928222656,467.13381499707015,456.1289340170423,465.39775666549855,28184300,478.9318649291992,485.7775360107422,498.7375588989258,False,-24.035125732421875,-0.023987065591537404,0.010228231083952405,0
2026-01-15,455.6200866699219,463.1927988881192,454.8618076165624,463.0630900555096,23225800,477.9476119995117,484.59215942382815,498.2424645996094,False,-21.401123046875,-0.005921024377300688,0.010203272207427921,0
2026-01-16,458.8127746582031,462.13520850615447,455.4404972994736,456.78739866953146,34246700,477.13646392822267,483.5244122314453,497.80887420654295,False,-19.37579345703125,0.007007346870100184,0.010400383915781646,0
2026-01-20,453.48492431640625,455.7597309230742,448.2568669541529,450.1924514863621,26130000,475.6668167114258,482.4929150390625,497.3441134643555,False,-22.6083984375,-0.011612253703628728,0.00968787344364195,0
2026-01-21,443.0986328125,451.6591109990198,437.68100562513575,451.56931960591265,37980500,473.58107604980466,481.4540588378906,496.728684387207,False,-26.499542236328125,-0.022903278470751354,0.010486068972450335,0
2026-01-22,450.1126403808594,451.8087507279656,443.6873036586902,446.600636936346,25349400,471.8959213256836,480.5610595703125,496.1545153808594,False,-8.22125244140625,0.015829449808587803,0.011420722416483125,0
2026-01-23,464.888916015625,470.0271819611143,449.50401819491054,450.8409629929935,38000200,470.8533004760742,479.7807458496094,495.7574871826172,False,9.268829345703125,0.032827950848620446,0.013960050961697456,0
2026-01-26,469.20904541015625,473.1700058760031,460.9479024031912,464.25036221183507,29291200,469.9683212280273,479.03345703125,495.4192953491211,False,10.396270751953125,0.009292820813103786,0.01416056354211,0
2026-01-27,479.485595703125,481.7703893732875,472.0825097961169,472.6212886177101,29213900,469.61263275146484,478.44270263671876,495.18157836914065,False,26.00067138671875,0.02190185886971885,0.015118633704377726,0
2026-01-28,480.533203125,482.63838346935967,476.9114647448887,482.10959164059926,36875400,469.3397552490234,478.02925048828126,494.92824584960937,False,37.4345703125,0.0021848569201308177,0.015130695650888471,0
2026-01-29,432.5128173828125,441.4923222419712,420.06122635013605,438.98802836564175,128855300,466.6469009399414,476.5181610107422,494.3238723754883,False,-17.599822998046875,-0.09993146244609463,0.026888195016129237,0
2026-01-30,429.31011962890625,438.5989157576861,425.47886802078926,438.1699022937122,58566800,463.9864730834961,474.9965948486328,493.65560455322264,False,-35.57879638671875,-0.007404862064634643,0.026886001070966073,0
2026-02-02,422.4058837890625,429.7590957240154,421.2884391596101,429.2602343395754,42219900,461.51361694335935,473.60980895996096,492.9162033081055,False,-46.80316162109375,-0.01608216420757036,0.02672377764926864,0
2026-02-03,410.2735595703125,421.0888704228976,407.6296003977664,421.0489834358989,61424100,458.4386352539062,472.1132244873047,492.03595977783203,False,-69.2120361328125,-0.028721958392058156,0.027201470080410947,0
2026-02-04,413.2467956542969,418.84400576689177,408.3080557741746,410.0640575889883,45012400,455.22995910644534,470.8313507080078,491.179075012207,False,-67.28640747070312,0.00724696002125591,0.027051928038546162,0
2026-02-05,392.7735290527344,407.37018733348754,391.4265972483441,406.51216038211834,66289200,450.7501846313477,469.26592407226565,490.02892578125,False,-39.739288330078125,-0.04954246909318927,0.028334213295892762,0
2026-02-06,400.22650146484375,400.87501513504304,392.0252195920243,398.2609865133262,53515300,446.91044921875,467.8120422363281,488.8989324951172,False,-29.0836181640625,0.018975241101618856,0.029051984761517595,0
2026-02-09,412.65814208984375,413.94521298339265,399.9571203178888,403.9280678877113,45480500,443.6339279174805,466.5471301269531,487.95619384765627,False,-9.74774169921875,0.03106151286708836,0.03028845514683657,0
2026-02-10,412.328857421875,422.7151545880433,411.76017861217,418.6644027817824,44857900,440.4457046508789,465.10581970214844,487.00040313720706,False,2.0552978515625,-0.0007979599440377516,0.030314665268248726,0
2026-02-11,403.4491271972656,415.51159110220135,400.096793508188,415.2322299614449,42491000,437.1382522583008,463.35701049804686,485.97144989013674,False,-9.79766845703125,-0.02153555363583015,0.030460678580073747,0
2026-02-12,400.9248962402344,405.2749831551046,397.1036315998776,404.07770370563327,40802400,434.2678024291992,461.66287719726563,484.8228466796875,False,8.1513671875,-0.006256627631262779,0.030200404667091264,0
2026-02-13,400.4060974121094,404.61648859375555,397.1435245648219,403.528974460687,34091600,431.5071029663086,459.89331604003905,483.7037112426758,False,0.179595947265625,-0.001294005019369382,0.030220524105839593,0
2026-02-17,395.9562377929687,399.60790672873594,393.6315571718042,398.31087932693146,32078800,428.36427612304686,458.27959899902345,482.59206115722657,False,-16.701904296875057,-0.011113366274641767,0.03008173391023813,0
2026-02-18,398.69000244140625,401.6432531481791,395.41747315874426,397.2233488345012,23223400,425.62453002929686,456.6584991455078,481.4985873413086,False,-13.63885498046875,0.0069042090703643755,0.030213521360333277,0
2026-02-19,398.4599914550781,404.4299926757813,396.6700134277344,400.69000244140625,28234000,423.3925979614258,454.98650451660154,480.43388397216796,False,-4.9891357421875,-0.0005769168650320289,0.02996630986506203,0
2026-02-20,397.2300109863281,400.1199951171875,395.1600036621094,396.1099853515625,34015200,420.7484664916992,453.1330682373047,479.31276458740234,False,-3.69488525390625,-0.0030868355547025716,0.029575177334962694,0
2026-02-23,384.4700012207031,395.3599853515625,383.1000061035156,395.0,43238300,416.72752075195314,451.0044775390625,478.0327752685547,False,-15.93609619140625,-0.032122471647954565,0.028662546594426005,0
2026-02-24,389.0,389.3599853515625,381.7099914550781,384.1400146484375,33884700,412.7170684814453,449.2350738525391,476.76472412109376,False,-6.956237792968693,0.01178245055508631,0.028751646981684455,0
2026-02-25,400.6000061035156,401.4700012207031,390.1600036621094,390.5299987792969,43625500,408.77278900146484,447.5996936035156,475.5951461791992,False,1.910003662109375,0.029820067104153303,0.029248630526170587,0
2026-02-26,401.7200012207031,407.489990234375,398.739990234375,404.7099914550781,34405900,404.83212890625,446.0852880859375,474.47630432128904,False,3.260009765625,0.002795794059219592,0.029260720498735883,0
2026-02-27,392.739990234375,396.8200073242187,389.8800048828125,390.8800048828125,51367200,402.84348754882814,444.46531372070314,473.25162902832034,False,-4.490020751953125,-0.022353905603506474,0.02025882827597675,0
2026-03-02,398.5499877929687,401.19000244140625,390.6300048828125,392.8599853515625,35474900,401.30548095703125,442.9302105712891,471.9733172607422,False,14.079986572265568,0.014793496213936441,0.020701203537250374,0
2026-03-03,403.9299926757813,406.7000122070313,392.6700134277344,393.1400146484375,38199200,400.3816864013672,441.508095703125,470.7945159912109,False,14.929992675781307,0.013498946299321801,0.02081177181465007,0
2026-03-04,405.2000122070313,411.0299987792969,400.30999755859375,401.2699890136719,35808000,400.1280090332031,439.95453857421876,469.6197509765625,False,4.600006103515682,0.0031441575378865494,0.019858395748892938,0
2026-03-05,410.6799926757813,411.6099853515625,404.3999938964844,404.4200134277344,39001300,399.99966888427736,438.47186950683596,468.52418395996096,False,8.959991455078182,0.013524136978431578,0.020034982277355853,0
2026-03-06,408.9599914550781,413.0499877929687,408.510009765625,409.2000122070313,31123900,400.80899200439455,436.97475463867187,467.5253433227539,False,16.220001220703125,-0.004188178755669458,0.016379766994936654,0
2026-03-09,409.4100036621094,410.2099914550781,403.5,404.9200134277344,30131900,401.26816711425784,435.4481280517578,466.50023071289064,False,10.860015869140682,0.0011003819846291396,0.01589377545539693,0
2026-03-10,405.760009765625,410.2000122070313,402.9299926757813,410.0299987792969,31706400,400.9232604980469,433.8251556396484,465.44339874267575,False,1.8300170898436932,-0.008915253325116002,0.014390651107123004,0
2026-03-11,404.8800048828125,409.010009765625,401.5899963378906,405.5700073242187,25512100,400.5508178710937,432.1907684326172,464.3791604614258,False,-0.32000732421880684,-0.002168781697636457,0.014394186384456229,0
2026-03-12,401.8599853515625,406.1199951171875,401.7099914550781,404.6300048828125,27263900,400.4713607788086,430.5081530761719,463.30284698486327,False,-8.820007324218807,-0.007459048347235875,0.013652609602043373,0
2026-03-13,395.5499877929687,404.7999877929687,394.25,401.0,26848000,400.20261535644534,428.6917547607422,462.1438146972656,False,-13.410003662109432,-0.015701980263283954,0.014034498838294059,0
2026-03-16,399.9500122070313,400.6300048828125,394.7900085449219,398.0700073242187,27733700,400.17981109619143,427.0403814697266,460.99681640625,False,-9.459991455078068,0.011123813803188831,0.014273930188018157,0
2026-03-17,399.4100036621094,404.3999938964844,397.75,400.2699890136719,26228300,400.3524993896484,425.5913214111328,459.8357534790039,False,-6.350006103515625,-0.001350190094862147,0.014037402945610896,0
2026-03-18,391.7900085449219,398.0,391.0,397.1300048828125,25908500,400.0074996948242,423.99165771484377,458.56981018066404,False,-13.089996337890625,-0.019078127856892224,0.014607001159164572,0
2026-03-19,389.0199890136719,392.489990234375,387.05999755859375,390.1000061035156,25138800,399.5354995727539,422.22365112304686,457.2759671020508,False,-12.839996337890625,-0.007070163788856276,0.014674467384217018,0
2026-03-20,381.8699951171875,387.0,380.1199951171875,386.7900085449219,50853200,398.7674987792969,420.2136706542969,455.88025054931643,False,-13.679992675781193,-0.018379502592174246,0.015173618595108606,0
2026-03-23,383.0,387.2099914550781,381.6799926757813,383.8999938964844,29680100,398.6939987182617,418.33324645996095,454.4170608520508,False,-16.950012207031307,0.002959135038786531,0.01341723466219146,0
2026-03-24,372.739990234375,382.4700012207031,371.8500061035156,382.3599853515625,42733600,397.8809982299805,416.2242749023437,452.7462088012695,False,-26.670013427734375,-0.02678853724706265,0.014357553299723184,0
2026-03-25,371.0400085449219,377.05999755859375,369.6300048828125,376.9200134277344,31181200,396.40299835205076,414.1232086181641,451.06353576660155,False,-20.75,-0.004560770869753483,0.012245731879708843,0
2026-03-26,365.9700012207031,374.7200012207031,365.19000244140625,370.8200073242187,36836600,394.6154983520508,412.05064514160154,449.48740814208986,False,-23.04998779296875,-0.013664314379738696,0.012335182311123679,0
2026-03-27,356.7699890136719,362.4500122070313,356.510009765625,361.8999938964844,37883400,392.81699829101564,410.01936706542966,447.89845153808596,False,-25.100006103515625,-0.02513870584021738,0.012560080515380939,0
2026-03-30,358.9599914550781,365.3599853515625,356.2799987792969,361.8999938964844,44797000,390.8374984741211,408.08616516113284,446.33916229248047,False,-24.040008544921875,0.0061384155305796995,0.01198861223969567,0
2026-03-31,370.1700134277344,372.8999938964844,363.0700073242187,364.5499877929687,45244400,389.1494995117188,406.3133099365234,444.9188610839844,False,-2.569976806640625,0.031229168262500107,0.013937279052564037,0
2026-04-01,369.3699951171875,373.989990234375,368.2000122070313,373.489990234375,29417200,387.3579986572266,404.6310113525391,443.5619631958008,False,-1.670013427734375,-0.0021612185793732364,0.013839036430235652,0
2026-04-02,373.4599914550781,373.6400146484375,364.1499938964844,367.2099914550781,24099100,385.4969985961914,403.2382385253906,442.3461486816406,False,7.489990234375,0.011072898156205158,0.013680701200881032,0
2026-04-06,372.8800048828125,373.7300109863281,369.5,373.489990234375,16146600,383.6929992675781,401.6935858154297,441.1273226928711,False,16.110015869140625,-0.0015530085833448393,0.013698062186602807,0
2026-04-07,372.2900085449219,372.4500122070313,366.55999755859375,370.3399963378906,21443300,381.8369995117188,399.84160766601565,439.8111767578125,False,13.33001708984375,-0.0015822686391459007,0.013653208923049687,0
2026-04-08,374.3299865722656,385.0,371.4100036621094,384.9800109863281,33064800,380.26549835205077,397.9440264892578,438.4887417602539,False,4.15997314453125,0.005479540091115842,0.0137953397679638,0
2026-04-09,373.0700073242187,373.5,367.0499877929687,372.5,30435300,378.6749984741211,395.8157147216797,437.1292086791992,False,3.700012207031193,-0.0033659586280665454,0.013789879499274576,0
2026-04-10,370.8699951171875,375.6400146484375,370.0299987792969,372.9800109863281,28111100,377.12549896240233,393.62245056152346,435.82585052490236,False,-2.589996337890625,-0.005897049250381703,0.013773627054835496,0
2026-04-13,384.3699951171875,384.5400085449219,371.0199890136719,373.6099853515625,35745800,376.5664993286133,392.65959411621094,434.58887756347656,False,11.489990234375,0.036400895671633515,0.016149283962546803,0
2026-04-14,393.1099853515625,394.69000244140625,386.5199890136719,387.9200134277344,37504500,376.22449798583983,391.9355914306641,433.4660931396484,False,20.819976806640625,0.022738482049594833,0.016815025386124286,0
2026-04-15,411.2200012207031,414.3699951171875,396.7300109863281,398.0,45063400,376.8149978637695,391.71187377929687,432.6608413696289,False,36.8900146484375,0.04606857252161789,0.0198007377833685,0
2026-04-16,420.260009765625,420.8200073242187,412.1400146484375,419.8599853515625,41642400,378.2384979248047,391.91160278320314,432.0124136352539,False,47.19000244140631,0.0219833872819577,0.019667539830936036,0
2026-04-17,422.7900085449219,431.5799865722656,420.69000244140625,424.8200073242187,48568200,379.9269989013672,392.10246704101564,431.4669088745117,False,51.920013427734375,0.0060200797613549906,0.019507580283006087,0
2026-04-20,418.0700073242187,423.3299865722656,416.2999877929687,421.1499938964844,27582200,381.73699951171875,392.6083966064453,430.93716033935544,False,33.70001220703119,-0.011163937475598296,0.01912812393327952,0
2026-04-21,424.1600036621094,427.1799926757813,417.2000122070313,420.239990234375,32048500,383.79499969482424,393.0870666503906,430.4495544433594,False,31.050018310546875,0.014566929536200313,0.019247907173800635,0
2026-04-22,432.9200134277344,433.7000122070313,423.6700134277344,426.19000244140625,29378200,386.8040008544922,393.49230407714845,430.0197171020508,False,21.70001220703125,0.02065260677572822,0.01796706562250045,0
2026-04-23,415.75,423.6600036621094,411.4100036621094,419.8900146484375,38308000,389.0395004272461,393.56072692871095,429.33327331542966,False,-4.510009765625,-0.03966093711350327,0.020726337173652104,0
2026-04-24,424.6199951171875,424.9500122070313,415.7999877929687,416.9700012207031,27413900,391.9720001220703,393.98414428710936,428.67057739257814,False,1.829986572265625,0.021334925116506254,0.020462667766650032,0
